family,label,gate_mode,access_fidelity,recovery_gain,shared_overlap,wake_gain,wake_balance,gate_rate,pressure_mean,score,score_core
fibonacci_pressure_or_sparse_gate,Fibonacci pressure or sparse gate,pressure_or_sparse,0.9846085694009161,1.320612825774425e-06,0.9995149464125358,3.8236955012766725e-07,0.9355783193648549,1.0,0.3829890696462126,0.6295068301876819,0.6934001803277425
fibonacci_pressure_gate,Fibonacci pressure gate,pressure,0.9846027307121548,1.2210050309869173e-06,0.9995167942239175,3.013019774193339e-07,0.9355842720507882,1.0,0.3829898150198484,0.6295056941329022,0.6933982155833112
fibonacci_pressure_and_sparse_gate,Fibonacci pressure and sparse gate,pressure_and_sparse,0.9846015272400582,1.2902550952398397e-06,0.9995201420981575,3.1059094720531425e-07,0.9355687011299249,1.0,0.38298916883483825,0.6295047935457451,0.6933986683048372
fibonacci_always_return,Fibonacci always return,always,0.9845991433537497,9.471384302499302e-07,0.9995195529773954,4.0520430100002683e-07,0.9355677297411266,1.0,0.3829888441771522,0.6295037047123314,0.6933973991837747
fibonacci_sparse_gate,Fibonacci sparse gate,sparse,0.9845928334914716,1.1444170695694914e-06,0.9995256648454589,2.5449378164107684e-07,0.9355688614103922,1.0,0.38298748947015504,0.6295030237652832,0.6933965195482674
fibonacci_pressure_soft_gate,Fibonacci pressure soft gate,pressure_soft,0.9980060778124288,7.825981945533383e-06,0.999487341348448,1.1432357255581765e-06,0.43112203325479664,0.29582588435264096,0.38032677823032407,0.5937010596372221,0.6990213560533691
fibonacci_pressure_drift_gate,Fibonacci pressure plus drift gate,pressure_drift,0.9997392153360987,0.0001658925936245976,0.9994743333353358,2.9345738801940986e-18,0.0,0.0,0.3799824103196768,0.5598355007705174,0.6997930515531429
fibonacci_no_return,Fibonacci no return,none,0.9997360492304248,0.0001605528009740676,0.9994844770505494,3.1803263726241462e-18,0.0,0.0,0.3799805295573763,0.5598353743616991,0.6997929600912245
